id,firstName,lastName,club_id
1,Anna,Barnes,1
2,Sylvia,Chen,2
3,Charlotte de,Vera,2
4,Pasha,Mirdamadi,3
5,Chloe,Wang,4
6,Avery,Berube,2
7,Renee,Cao,2
8,Sophia,Hatami,3
9,Mila,Killu,2
10,Donya,Mirdamadi,3
11,Abigail,Forbes,5
12,Olivia,King,6
13,Lydia,Marren,7
14,Yekta,Nemati,3
15,Evelina,Nituta,2
16,Carly,Cran,8
17,Alexis,Harman,9
18,Kailyn,Hovius,6
19,Eloise,Joseph,9
20,Emily,Parini,10
21,Anabelle,Vaillancourt,10
22,Mackenna,Buckle,11
23,Blake,Coates,4
24,Mya,Donovan,3
25,Stella,Gray,4
26,Helice,Liu,4
27,Angelea,Malatesta,4
28,Rachel,Volk,4
29,Skylar,Brantom,3
30,Addison,Hamilton,11
31,Fatima,Mahmoud,4
32,Emma,Marchese,3
33,Aurora,Marshall,4
34,Evie,Parker,8
35,Amber,Zheng,3
36,Theresa,Moravec,5
37,Juliet,Muzzio,7
38,Charlotte,Newell,10
39,Liana,Rambarran,7
40,Arianna,Shahin,9
41,Erica,Valis,12
42,Tia,Bhandari,3
43,Teagan,Braun,10
44,Gina,Cappello,10
45,Ava,Hainschwang,11
46,Emily La,Rocca,11
47,Heidi,Robinson,7
48,Vincent,Lupiani,10
49,Ava,Burgess,4
50,Anna,Chang,2
51,Noora,Hosseini,4
52,Hailey,Korosec,2
53,Athena,Mui,2
54,Kayla,Ren,2
55,Shuen,Sun,2
56,Amytis,Alian,2
57,Lydia,Antonini,13
58,Elena,Chen,2
59,Hayley,Lee,2
60,Julia,Melohusky,10
61,Zoey,Tang,2
62,Makayla de,Vera,2
63,Sophie,Gong,2
64,Sarah,Johnson,11
65,Sofia,Mazzotta,3
66,Simran,Nimrani,14
67,Leah,Decker,10
68,Kayla,Giang-Pham,15
69,Annie,Jiang,7
70,Alexandra,Opalinski,6
71,Abigail,Schope,11
72,Aubrey,Braun,16
73,Leah,Buckle,11
74,Michaela,DeFlece,6
75,Isabella,Estrada,9
76,Victoria,Schope,11
77,Gabriella,Figliomeni,17
78,Sofia,Greco,3
79,Natalie,Marchese,3
80,Helena Maria,Millis,3
81,Mia,Skara,17
82,Camilla,Smachany,6
83,Miracle,Collins,8
84,Alfred,Lau,2
85,Alexandra,Clochard,4
86,Emily,Pawlowski,10
87,Bailee,Tanaka,3
88,Fiona,Xue,2
89,Emma,Bobinski,9
90,Julia,French,9
91,Evelyn,Jiang,2
92,Morgan,Oakes,9
93,Daisylynn,Thorn,6
94,Adam,Cheung,2
95,Albert,Wu,2
96,Ania,Bobinski,9
97,Shea,Burns,10
98,Lauren,Errington,7
99,Eileen,Karimova,6
100,Sienna,Moses,2
101,Avery,Blaszak,7
102,Jeyla,Karimova,6
103,Baran,Khamesi,2
104,Neve,O'Neill,2
105,Ethan,Luk,3
106,Nevaeh,Blakely,10
107,Kira,Novak,10
108,Evelyn,Romanowski,10
109,Ella,Veltz,5
110,Kayla,Buchanan,4
111,Taliana,Chajdiak,4
112,Alice,Li,4
113,Sylvia Sze Yui,Ma,6
114,Zuzanna,Mackintosh,4
115,Lara,Alsahab,4
116,Meredith,Green,4
117,Sandra,Matveev,6
118,Hannah,Wu,4
119,Christina,Yan,4
120,Mila,Dabreu,4
121,Petra,Millis,3
122,Athena,Remus,2
123,Chloe,Robbins,8
124,Ella,Snyder,4
125,Ryland,Abate,2
126,Keira,Gonneau,18
127,Tristin,Merkley,2
128,Cristianna,Soultanis,2
129,Marina,Xue,2
130,Jaymeson,Brown,2
131,Anastasia,Darovin,2
132,Lia,Dragone,17
133,Aniyah,Evans,16
134,Misha,Hesami,2
135,Julia,Ferreira,3
136,Kaitlyn,Gilchrist,14
137,Riley,Heerkens,5
138,Emily,Smith,17
139,Christina,Hazell,19
140,Rose,Liao,20
141,Skye,Monaghan,21
142,Gwen,Abate,2
143,Cindy,Luk,3
144,Ann,Nakashima,22
145,Stephanie,Stewart,19
146,Maria,Crisafulli,7
147,Elizabeth,Davison,15
148,Samantha,Morris,23
149,Sabrina,Toma,3
150,Katherine,Andrien,20
151,Sandy,Cardarelli,24
152,Alex,Klingmann,22
153,Kellie,Pence,22
154,Zayna,Afzal,12
155,Samantha,Jovanovic,17
156,Penny,Kligman,12
157,Ching Yau,Lo,3
158,Vincent,Yue,12
159,Camryn,Bloom,6
160,Keira,Cooper,3
161,Emily,Dunn,12
162,Mia,Figliomeni,17
163,Gemma,Ryan,17
164,Ayana,Sewani,6
165,Alessia,Tenaglia,24
166,Shaan,Tahir,3
167,Anelle,Trushina,3
168,Koey,Chen,7
169,Ariana,Genua,17
170,Alice,Gomolyako,24
171,Callum,Meeks,10
172,Veronika,Gorshkova,3
173,Theia,Kirillov,6
174,Emma,Sergie,17
175,Vivian,Zhao,17
176,Sarah,Albonese,17
177,Belle,Houston,23
178,Giulia,Iozzo,17
179,Julia,Dunn,12
180,Elsie,Fefergrad,12
181,Eva,Ryan,17
182,Arianna,Vrabec,17
183,Julia,Quattrocchi,17
184,Isabella,Guo,2
185,Ophelia,Ren,2
186,Brielle,Schweigert,13
187,Claire,Zhang,6
188,Sabrina,DeMelo,24
189,Navah,Thomann,7
190,Harnoor,Virk,24
191,Josie,Gardner,12
192,Alivia,Martell,16
193,Aroa Moreno,Prenafeta,12
194,Elizandra,Oreal,15
195,Willa,Alessi,10
196,Lindsey,Bleier,13
197,Steffi,Closner,12
198,Isabella,Rendace,17
199,Datis,Alian,2
200,Hayden,Lee,2
201,Kourtney,Chu,2
202,Felicia,Dai,2
203,Evelyn,Ginty,9
204,Juliette,Moar,7
205,Elena,Sanaei,2
206,Sarika,Vikram,7
207,Kaitlyn,Arya,12
208,Lilly,Giles,5
209,Charli,Hovey,7
210,Melody,Moini,12
211,Claire,Rohlin,25
212,Kenslie,Batten,6
213,Ashley,Chan,12
214,Kayleigh,Greaves,7
215,Emily,Kerr,6
216,Livia,Stubbe,9
217,Morgan,Bielecki,10
218,Evangeline,Bordessa,12
219,Emma,Janis,10
220,Erin,Reilly,10
221,Maeve,Didas,5
222,Emily,Moar,7
223,Molly,Rea,10
224,Chloe,Fefergrad,12
225,Ryleigh,Mullins,16
226,Rebecca,Ross,12
227,Grace,Stierheim,7
228,Andrew,Dityatkowski,7
229,Nolan,He,2
230,Paris-Legend,Shao,2
231,Rasta,Ansari-Tari,2
232,Olivia,Fan,2
233,Audrey,Hammer,7
234,Eva,Li,7
235,Hannah,Zheng,2
236,Neta,Ankory,12
237,Oriana,Cai,7
238,Samantha,Chan,12
239,Fionna,Overton,7
240,Eva,Straub,5
241,Avery,Braun,7
242,Chelsea,Ma,17
243,Samantha,Martin,17
244,Charlie,Quishpe,6
245,Mikaela,Wong,2
246,Elizabeth,McNamara,5
247,Artina Pourzand,Hariri,2
248,Reagan,Ronhovdee,5
249,Charlotte,Tait,24
250,Grace,Tiedemann,10
251,Rosha,Ansari-Tari,2
252,Anabelle,Gregory,15
253,Gabriella,Martinez,6
254,Evangeline,Mattocks,6
255,Aliona,Tsirulinkov,12
256,Emily,Au,7
257,Sophia,Farage,17
258,Olivia,Hobika,7
259,Madilynn,Waldeck,16
260,Joseph,Godfrey,12
261,Grace,Diaz,7
262,Malina,Galindo,26
263,Cora,Janese,16
264,Evangeline,Li,2
265,Adrianna,Degorian,6
266,Ella,DiMatteo,16
267,Amy,Li,7
268,Amalia,Mercado,7
269,Amelia,Mui,2
270,Juliana,Denea,10
271,Adreanna,Funk,7
272,Kaylee,Giang-Pham,15
273,Hadley,Sonberg,10
274,Eleanor,Goldstein,12
275,May,Gordon,27
276,Iniya,Nareshkumar,15
277,Ava,Padro,12
278,Juliana,Atkinson,7
279,Darmyia,Navaneethan,6
280,Angelina,Scala,6
281,Ashley,Vitucci,17
282,Clarissa,Hren,28
283,,Chicago,3
284,Barbies Just Want To Have,Fun,19
285,,Broadway,3
286,Dance Through,Time,6
287,East Gwillimbury Skating,Club,11
288,Newmarket,FSC,2
289,Julia,Norkus,6
290,Julia,Okorn,2
291,Britton,Coates,4
292,Katharine,MacPhee,6
293,Anca,Ene,22
294,Roisin,O'Connor,14
295,Team,Paedyn,6
296,Team Bradford Emily and,Gabriella,6
297,Bradford,Girlies,6
298,Bradford Team Piper and,Alessia,6
299,Bradford Duets Claire and,Theia,6
300,Cindy Sabrina and,Anelle,3
301,Ethan and,Helena,3
302,Soulja,Boyz,7
303,THE A,TEAM,2
304,Bradford,Besties,6
305,Nobleton Skating,Club,24
306,Freddy Jo and Ethels love,story,19
307,Claire,Wen,2
308,Leo,Zheng,2
309,Vivian,Kreutzer,27
310,Charlotte,Kreutzer,27
311,Carmen,Mowry,7
312,Shay,Fishberg,12
313,Samantha,Gomolyako,24
314,Mia,Kirillov,6
315,Ella,Perel,12
316,Gianna,Weber,7
317,Arielle,Naiberg,12
318,Iris,Qian,29
319,Adelaide,See,12
320,Olivia,Zhao,7
321,Alimey Rodriguez,Rojas,7
322,Vivian,Smith,7
323,Natalie,Wall,27
324,Isabella,Weber,7
325,Clare,Archabald,27
326,Aspen,Maria,7
327,Linden,Maria,7
328,Eleanor,Nowak,7
329,Victoria,Yue,12
330,Anna,Hu,12
331,Brooklyn,Lawless,7
332,Harper,Raymond,7
333,Mia,Wang,12
334,Isabelle,Zacks,12
335,Alexis,Darrow,28
336,Ella,MacPhee,6
337,Monique,Mara,19
338,Elisabeth,Gray,11
339,Shayleine,Phantharangsy,2
340,Anna,Barnes,7
